{
  "builtBy": "meteor/14",
  "buildDependencies": {
    "os.json": {
      "files": {
        "/Users/macbell/code/meteor/leafletGPSApp/packages/npm-container/package.js": "89789984fd84efbdc376273749e33c0df7b790fb",
        "/Users/macbell/code/meteor/leafletGPSApp/packages/npm-container/index.js": "034ee49f7f69f833b56a845ecb34ca9cda47623d",
        "/Users/macbell/code/meteor/leafletGPSApp/packages.json": "3f7dfc27585c011162b418ebdc0044bcaeb51be0"
      },
      "directories": []
    },
    "web.browser.json": {
      "files": {
        "/Users/macbell/code/meteor/leafletGPSApp/packages/npm-container/package.js": "89789984fd84efbdc376273749e33c0df7b790fb"
      },
      "directories": []
    },
    "web.cordova.json": {
      "files": {
        "/Users/macbell/code/meteor/leafletGPSApp/packages/npm-container/package.js": "89789984fd84efbdc376273749e33c0df7b790fb"
      },
      "directories": []
    }
  },
  "pluginDependencies": {
    "files": {
      "/Users/macbell/code/meteor/leafletGPSApp/packages/npm-container/package.js": "89789984fd84efbdc376273749e33c0df7b790fb"
    },
    "directories": []
  },
  "source": "/Users/macbell/code/meteor/leafletGPSApp/packages/npm-container",
  "buildTimeDirectDependencies": {
    "meteor": "1.1.3"
  },
  "buildTimePluginDependencies": {},
  "cordovaDependencies": null
}