{
  "isopack-1": {
    "name": "npm-container",
    "summary": "Contains all your npm dependencies",
    "version": "1.0.0+3e5af4fb4cb84fb05b9f77ed553b1b9f674ffc87",
    "earliestCompatibleVersion": "1.0.0",
    "isTest": false,
    "builds": [
      {
        "arch": "os",
        "path": "os.json"
      },
      {
        "arch": "web.browser",
        "path": "web.browser.json"
      },
      {
        "arch": "web.cordova",
        "path": "web.cordova.json"
      }
    ],
    "plugins": []
  }
}