{
  "format": "unipackage-unibuild-pre1",
  "packageVariables": [],
  "uses": [
    {
      "package": "meteor"
    }
  ],
  "resources": [
    {
      "type": "asset",
      "file": "os/packages.json",
      "length": 6,
      "offset": 0,
      "servePath": "/packages.json",
      "path": "../../packages.json"
    },
    {
      "type": "prelink",
      "file": "os/packages/npm-container.js",
      "length": 1618,
      "offset": 0,
      "servePath": "/packages/npm-container.js",
      "sourceMap": "os/packages/npm-container.js.map"
    }
  ]
}